identifier,name,phone
father.ali,Muhammad Ali,0300-1234567
father.hamza,Tariq Ahmed,0301-2345678
father.usman,Rashid Raza,0302-3456789
father.abdullah,Tariq Mahmood,0303-4567890
father.bilal,Imran Hussain,0304-5678901
father.zain,Asif Malik,0305-6789012
father.hassan,Ali Hassan,0306-7890123
father.omer,Farooq Ahmed,0307-8901234
father.saad,Muhammad Iqbal,0308-9012345
father.ahmad,Shahid Shah,0309-0123456
father.huzaifa,Muhammad Nadeem,0310-1234567
father.arham,Kamran Siddiqui,0311-2345678
father.rayyan,Khalid Mehmood,0312-3456789
father.shehryar,Asif Khan,0313-4567890
father.talha,Javed Ahmed,0314-5678901
father.rehman,Abdul Qadir,0315-6789012
father.ibrahim,Nadeem Ahmed,0316-7890123
father.sameer,Qureshi Ahmed,0317-8901234
father.daniyal,Muhammad Aslam,0318-9012345
father.shayan,Ahmed Raza,0319-0123456
father.areeba,Imran Khan,0320-1234567
father.fatima,Muhammad Ahmed,0321-2345678
father.ayesha,Salman Malik,0322-3456789
father.mahnoor,Raza Hussain,0323-4567890
father.hania,Ali Raza,0324-5678901
father.laiba,Asif Hussain,0325-6789012
father.maryam,Tariq Ahmed,0326-7890123
father.alina,Shahzad Ali,0327-8901234
father.eman,Farooq Siddiqui,0328-9012345
father.mehwish,Iqbal Hussain,0329-0123456
father.anaya,Khalid Ahmed,0330-1234567
father.minahil,Javed Khan,0331-2345678
father.inaya,Farooq Ahmed,0332-3456789
father.zoya,Ahmed Khan,0333-4567890
father.noor,Muhammad Asghar,0334-5678901
father.komal,Nadeem Hussain,0335-6789012
father.kinza,Qureshi Ahmed,0336-7890123
father.hoorain,Aslam Khan,0337-8901234
father.sehrish,Imran Ahmed,0338-9012345
father.amna,Raza Ahmed,0339-0123456
father.mohammad,Ali Ahmed,0340-1234567
father.arsalan,Muhammad Ahmed,0341-2345678
father.waleed,Khan Muhammad,0342-3456789
father.mikaeel,Hassan Ahmed,0343-4567890
father.shahzaib,Raza Khan,0344-5678901
father.basit,Abdul Rahman,0345-6789012
father.mustafa,Ahmed Raza,0346-7890123
father.haroon,Khalid Hussain,0347-8901234
father.anas,Javed Ahmed,0348-9012345
father.farhan,Qureshi Ahmed,0349-0123456